Aujourd'hui";"18:43";"LunedeSable (Ghislaine Challamel)";" Mince, et moi qui avait gardé mon stock de l'année dernière: Grippe H1N1 désinfection des mains ne fait pas de différence http://ow.ly/2IefD"
"Aujourd'hui";"16:39";"Nico_Laustriat (Nicolas Laustriat)";" #listening : Kirk Degiorgio - Exodus Earth - Original Mix : parfait pour combattre la grippe...";" Grippe porcine : la pandémie se répand"
"Aujourd'hui";"15:45";"coyarbide (c.oyarbide)";" Grippe porcine : la pandémie se répand";"tout allure chez les managers. http://bit.ly/ah2XSM"
"Aujourd'hui";"13:55";"kelassur (Kelassur)";" L'assurance perte d'emploi se grippe avec la rupture ... - Le Particulier http://goo.gl/fb/NrkPh"
"Aujourd'hui";"13:54";"BeautifulLoser_ (Pierre Colombier)";" RT @humourdedroite: J-39 avant le début de l'épidémie de Dengue+Grippe A. En attendant : #menaceterroriste"
"Aujourd'hui";"12:23";"NicolasLayous (Nicolas Layous)";" RT @humourdedroite: J-39 avant le début de l'épidémie de Dengue+Grippe A. En attendant : #menaceterroriste";" RT @humourdedroite: Commentaire d'un fan : "La grippe A se transmet par les poules, donc par les Roms. CQFD""
"Aujourd'hui";"12:02";"MartinRazy (Martin Razy)";" RT @humourdedroite: Commentaire d'un fan : "La grippe A se transmet par les poules, donc par les Roms. CQFD"";" RT @humourdedroite: Commentaire d'un fan : "La grippe A se transmet par les poules, donc par les Roms. CQFD""
"Aujourd'hui";"11:52";"samypetitloulou (Samy Stouky)";" RT @humourdedroite: Commentaire d'un fan : "La grippe A se transmet par les poules, donc par les Roms. CQFD"";" RT @humourdedroite: Commentaire d'un fan : "La grippe A se transmet par les poules, donc par les Roms. CQFD""
"Aujourd'hui";"11:41";"julinkse (Julien S)";" RT @humourdedroite: Commentaire d'un fan : "La grippe A se transmet par les poules, donc par les Roms. CQFD"";" RT @humourdedroite: Commentaire d'un fan : "La grippe A se transmet par les poules, donc par les Roms. CQFD""
"Aujourd'hui";"11:41";"silegere (Si Légère)";" RT @humourdedroite: Commentaire d'un fan : "La grippe A se transmet par les poules, donc par les Roms. CQFD"";" RT @humourdedroite: Commentaire d'un fan : "La grippe A se transmet par les poules, donc par les Roms. CQFD""
"Aujourd'hui";"11:32";"remimalenfant (remimalenfant)";" RT @humourdedroite: Commentaire d'un fan : "La grippe A se transmet par les poules, donc par les Roms. CQFD""
"Aujourd'hui";"11:32";"benwa (Benoît P.)";" RT @humourdedroite: J-39 avant le début de l'épidémie de Dengue+Grippe A. En attendant : #menaceterroriste";" RT @humourdedroite: Commentaire d'un fan : "La grippe A se transmet par les poules, donc par les Roms. CQFD""
"Aujourd'hui";"11:31";"adrienrn (Adrien Noblet)";" RT @humourdedroite: Commentaire d'un fan : "La grippe A se transmet par les poules, donc par les Roms. CQFD"";" RT @humourdedroite: Commentaire d'un fan : "La grippe A se transmet par les poules, donc par les Roms. CQFD""
"Aujourd'hui";"11:29";"enkulator (julien)";" RT @humourdedroite: Commentaire d'un fan : "La grippe A se transmet par les poules, donc par les Roms. CQFD"";" RT @humourdedroite: Commentaire d'un fan : "La grippe A se transmet par les poules, donc par les Roms. CQFD""
"Aujourd'hui";"11:26";"TeddyFR (Teddy)";" RT @humourdedroite: Commentaire d'un fan : "La grippe A se transmet par les poules, donc par les Roms. CQFD""
"Aujourd'hui";"11:24";"goldenguigui (Guillaume Fogliani)";" RT @humourdedroite: J-39 avant le début de l'épidémie de Dengue+Grippe A. En attendant : #menaceterroriste";" RT @humourdedroite: Commentaire d'un fan : "La grippe A se transmet par les poules, donc par les Roms. CQFD""
"Aujourd'hui";"11:24";"Bixounet (Charles )";" RT @humourdedroite: Commentaire d'un fan : "La grippe A se transmet par les poules, donc par les Roms. CQFD""
"Aujourd'hui";"11:23";"gueslie (Julie Gues.)";" RT @humourdedroite: J-39 avant le début de l'épidémie de Dengue+Grippe A. En attendant : #menaceterroriste"
"Aujourd'hui";"07:59";"DevismutuelleFr (Devismutuelle.com)";" 8 questions sur le nouveau vaccin anti-grippe - L'Express http://goo.gl/fb/rCkGf"
"Aujourd'hui";"03:24";"K_yenne (Marie-eve Lemay)";" @AlexeeDube hahah =D<3 C'est parce qu'on a dormie séparément , chaqu'un avec sa couverte =O , La prochaine fois jte donneraiis ma Grippe :D";" RT @ray64_2008: Le retour de Navarro"
"Hier";"22:40";"Capcieux (De_Captiosus)";" RT @ray64_2008: Le retour de Navarro";"la télé, c'est le retour de la grippe Hanin ?";" Le retour de Navarro"
"Hier";"22:39";"ray64_2008 (RAYMOND)";" Le retour de Navarro";"la télé, c'est le retour de la grippe Hanin ?";" @paumier1 bon, je te laisse j'ai trop ma au crâne! peut etre tu m'a transmi ta grippe ?! ;)) bonne journée"
"Hier";"22:23";"bijoubalkal (bijoubalkal)";" @paumier1 bon, je te laisse j'ai trop ma au crâne! peut etre tu m'a transmi ta grippe ?! ;)) bonne journée";"toi !"
"Hier";"21:21";"tyslae (Tys)";" Mais c'est quoi cette grippe?! Pfiouu I'm so sick +_+"
"Hier";"20:30";"SHYKAMARU (S* AZILINON)";" ALLEZ L'O AIME#OM# Brandao, les oreilles qui sifflent - Pris en grippe par une partie du public marseillais, Brandao... http://ht.ly/196lf7"
"Hier";"18:37";"actu_foot (Foot sur internet)";" Foot - L1 - OM - Il faut sauver Brandao: \'a0L'attaquant de l'OM, pris en grippe par une partie du public, est en pro... http://bit.ly/8XAXP0";" @bravepatrie faut dire"
"Hier";"18:03";"V_yaya (Yannick)";" @bravepatrie faut dire";"roselyne d'arrêter de mettre des colis de savons partout ça ne marche pas pour la grippe A"
"Hier";"16:51";"arnofresh (Arno Fresh)";" @lecaptainnemo ca ne vaut plus le coup d'attrapper une grippe bretonne"
"Hier";"15:59";"charlinelec (charlinelecarpentier)";" http://ptitlien.com/axxa9 comme c'est magique, le nouveau Deerhunter me fait oublier que je suis au bureau avec ce qui semble être la grippe"
"Hier";"12:45";"DevismutuelleFr (Devismutuelle.com)";" Grippe A : 653 foyers de cas groupés signalés en France au cours ... - Le Parisien http://goo.gl/fb/jY4LS"
"Hier";"12:33";"ph_soldatlab (Phie soldat laboureu)";" La campagne de vaccination contre la grippe saisonnière a débuté hier. Les vaccins sont dispoibles dans toutes les pharmacies."
"Hier";"12:28";"THIERRY_L (THIERRY)";" @Shaya_Oh l'année derniere il y a eu la grippe A on va peut etre passer a la B cette année.."
"Hier";"11:59";"Yasmine558 (Yasmine la Frenshie
"\f2 \uc0\u9829 
"\f0 )";" @kafren25 Merci c'est gentil :) j'ai une grippe :/"
"Hier";"10:52";"mariegabb (M-G du Penhoat )";" @NOFFrenchFan j'ai attraper la grippe alors pas du tout mdr ! je suis malade a crever mais bon .... haaa en plus j'ai français dans 8 mins";" Comme chaque année après la rentrée scolaire, le virus de la grippe prend ses quartiers"
"Hier";"10:40";"RFOfr (RFO.fr)";" Comme chaque année après la rentrée scolaire, le virus de la grippe prend ses quartiers";"la Réunion. Depuis deux... http://fb.me/HLpcygAX";" Comme chaque année après la rentrée scolaire, le virus de la grippe prend ses quartiers"
"Hier";"10:40";"lpptv (La Place Publique)";" Comme chaque année après la rentrée scolaire, le virus de la grippe prend ses quartiers";"la Réunion. Depuis deux semaines, les..."
"Hier";"09:25";"AGBubble (Andrianarivony)";" Mis au repos pendant 2 jours. La grippe est revenue"
"Hier";"09:03";"kelassur (Kelassur)";" Démarrage de la vaccination contre la grippe saisonnière - Info35 http://goo.gl/fb/1UDjV"
"Hier";"08:29";"actuvih (actuvih)";" Vaccination: Les nouveaux vaccins contre la grippe saisonnière sont disponibles en pharmacie. http://bit.ly/dvMYlm"
"Hier";"08:09";"rovoi (Romuald V.)";" L'informatique de la grippe A recyclée pour la veille sanitaire http://j.mp/cJNkWx (via 01netpro)"
"Hier";"08:01";"AlainClergeot (Alain CLERGEOT)";" Grippe A : 653 foyers de cas groupés signalés en France au cours des 4 premiers mois de l'épidémie #H1N1 LaProvence.com http://is.gd/fkGxu"
"Hier";"07:17";"DevismutuelleFr (Devismutuelle.com)";" Grippe A : 653 foyers de cas groupés signalés en France au cours ... - La Provence http://goo.gl/fb/spVN7";" @Gabriellefinger En alerte rouge, on a peur. En alerte écarlate, on commence"
"20/09/10";"15:34";"viadd (David P)";" @Gabriellefinger En alerte rouge, on a peur. En alerte écarlate, on commence";"faire des réserves de bouffe et de vaccins grippe A..."
"20/09/10";"14:50";"IvanNEnvy (IvanN Envy)";" La grippe est en train de me tuer"
"20/09/10";"13:56";"Yannick_Comenge (Yannick Comenge)";" La Grippe A est de retour. La plupart des pharmaciens ont reçu environ 2000 doses de vaccins pour le délire de 2010... qui coute cher"
"20/09/10";"11:49";"AmenOu (Amen Allah)";" Bonjour la grippe !!!"
"19/09/10";"22:07";"RdeQuelen (RdeQuelen)";" Septembre et ce goût métallique, un peu grippé, du cerveau droit qui redémarre"
"19/09/10";"13:15";"HanyoYukirin (Lydie)";" Et sinon, cette maudite grippe, elle compte me suivre jusqu'à mes 30 ans ou bien ?"
"19/09/10";"12:41";"Cecishow (Cécilia)";" Hier je crevais de froid. Et là j'ai bien trop chaud et la gorge en feu...ça sent le truc qui couve ça. Pitié, pas de grippe ou autre truc."
"19/09/10";"11:40";"BobTSUC (Bob TSUC)";" RT @Inzecity: Mon Twitter est souffreteux ce soir... :( La grippe aviaire serait-elle de retour ?"
"19/09/10";"11:11";"Peccoux (Peccoux)";" Dossier complet sur la grippe A\'a0(H1N1) - Les Echos.fr http://t.co/1dgTSfK via @LesEchosFr"
"19/09/10";"09:15";"MaryMcQueen (Mary-Astrid Collette)";" Avec une mini grippe en plus !! Ce soir dodo 8h"
"19/09/10";"02:15";"XaZ31 (Xavier Favarel)";" Après la grippe aviaire, le chikungunya et l'an dernier la grippe mexicaine, pour 2011 nous allons avoir le dengué ? http://bit.ly/bDmMcK"
"19/09/10";"01:08";"JMFLB (Jacques Le Bris)";" RT @Inzecity: Mon Twitter est souffreteux ce soir... :( La grippe aviaire serait-elle de retour ?"
"18/09/10";"23:09";"Inzecity (missinzecity)";" Mon Twitter est souffreteux ce soir... :( La grippe aviaire serait-elle de retour ?"
"18/09/10";"18:24";"DestysFuturiste (DESTYS )";" @Awaaatef Bon appétit oui toujours la grippe porcine hélas"
"18/09/10";"11:18";"Maaryyy__ (M \uc0\u395  R I \u395  M . 
"\f2 \uc0\u9829 
"\f0 )";" @BieberCiityx3 Ouais j'adore :) & Moi chuis entrain de l'ecouter sur l'iPod & je suis malade ! Jme suis chopée une grippe"
"18/09/10";"09:39";"DestysFuturiste (DESTYS )";" Je suis malade comme jamais .. un grippe porcine j'en suis sur .. quand je respire je quine un peu .. je deviens porc un peu la non ??"
"17/09/10";"20:04";"mypharma (MyPharma Editions)";" Grippe H1N1: une couverture vaccinale insuffisante en 2009 selon l'InVS http://twurl.nl/is0wzu"
"17/09/10";"15:29";"Senat_Info (Senat_Info)";" #H1N1 : analyse du rapport de la commission d'enquête du Sénat sur la grippe A et le rôle du #lobby pharmaceutique http://bit.ly/H1N1sen";" Ma technique de détruire la capitalisme de l'intérieur fonctionne : j'ai refilé la grippe"
"17/09/10";"12:45";"s20b (sy!)";" Ma technique de détruire la capitalisme de l'intérieur fonctionne : j'ai refilé la grippe";"mes voisins de bureau"
"17/09/10";"12:22";"DevismutuelleFr (Devismutuelle.com)";" Grippe A (H1N1) : seuls 7,9% des Français ont été vaccinés lors de ... - Le Parisien http://goo.gl/fb/EFL0u"
"17/09/10";"11:49";"juliencaillot (Julien caillot)";" RT @ioudg: ouais ok donc le nouveau twitter ça va faire comme pour mon bon de vaccination contre la grippe A, j'vais l'avoir APRES la pandémie."
"17/09/10";"11:46";"RiskAssur (Olivier Kauf)";" Analyse de la critique du Sénat de la gestion de la grippe H1N1. http://www.riskassur-hebdo.com/actu01/actu_auto.php?adr=hn170910"
"17/09/10";"11:39";"Diabeterific (St Pancréas)";" RT @ioudg: ouais ok donc le nouveau twitter ça va faire comme pour mon bon de vaccination contre la grippe A, j'vais l'avoir APRES la pandémie."
"17/09/10";"11:30";"dw19ht (florian.)";" RT @ioudg: ouais ok donc le nouveau twitter ça va faire comme pour mon bon de vaccination contre la grippe A, j'vais l'avoir APRES la pandémie."
"17/09/10";"11:29";"ioudg (ioudgine)";" ouais ok donc le nouveau twitter ça va faire comme pour mon bon de vaccination contre la grippe A, j'vais l'avoir APRES la pandémie."
"17/09/10";"10:23";"molokoloco (molokoloco)";" Grippe A : doute sur l'efficacité des solutions antibactériennes: Après le flop de la vaccination, le flop des so... http://bit.ly/aTHSwq"
"17/09/10";"09:01";"Karpattofficial (Karpatt)";" CE SOIR C EST LAUNOIS, BON J AI LA CREVE MAIS JE VAIS ME BOURRER DE CE QU IL FAUT POUR ENVOYER DU LOURD A CE SOIR FREDO LA GRIPPE"
"16/09/10";"23:13";"Panoptique (Panoptique)";" Moins de 8% des français ont été vaccinés contre la grippe A #CombiençaCoute"
"16/09/10";"22:39";"needfx (Evans Randria)";" Ne devrait pas sortir mais rester au lit... #coupdefroid ? #rhume ? #grippe ?"
"16/09/10";"22:02";"pretalemploi (coltrane)";" @Menilmuche #grippe saisonnière T'es sûr que c'est pas un bon de l'année dernière pour la H1N1 ? Moi j'ai jamais reçu le mien l'an passé ;-)"
"16/09/10";"21:56";"Menilmuche (Fabien)";" #Grippe saisonnière: déjà reçu mon bon, alors que la compagne ne commence que la semaine prochaine. Sont en avance cette année! #sante"
"16/09/10";"21:54";"Menilmuche (Fabien)";" RT @Patrickjjj #GrippeA #H1N1: seulement 7,9% de vaccinés en France #RoselyneFail http://bit.ly/bTWP6Z (cc @Lohiel @MicheleRivasi @flixtter)"
"16/09/10";"21:23";"Patrickjjj (Patrick J)";" Grippe H1N1 : seulement 7,9% de vaccinés en France #RoselyneFail http://bit.ly/bTWP6Z"
"16/09/10";"16:11";"basiloo (basile segalen)";" Moins de 8% des Français ont été vaccinés contre la grippe A (Reuters) #greatsuccess"
"16/09/10";"16:05";"YahooActuFR (Yahoo! News France )";" Moins de 8% des Français ont été vaccinés contre la grippe A http://yhoo.it/9cdqyr"
"16/09/10";"12:04";"AlexisBlanchet (Alexis Blanchet)";" Finalement, l'héritage de la grippe H1N1, c'est le retour définitif du savon liquide et des sèche-mains dans les toilettes de l'université !"
"15/09/10";"23:42";"GiveEmTheFinger (Sir. Kalou Mango)";" Ma soeur a chopé ma grippe la pauvre...tandis que moi je vais mieux :-)"
"15/09/10";"14:47";"jessicacomnos (Jessica Comnos)";" @hugodepute elle est toujours là la grippe, elle est toujours laaaaa!"
"15/09/10";"14:26";"jessicacomnos (Jessica Comnos)";" Je crois que j'ai choppé la grippe A ou une connerie du genre. #sick"
"15/09/10";"14:01";"3xt4 (Lorenzo Miquel)";" @brunette93330 Une petite grippe. Je me soigne comme je peux."
"14/09/10";"20:28";"quoimaligne (quoimaligne)";" RT @vaolo nort L'épidémie de grippe et d'angine est déjà là, dans le #RER et dans le métro #qml..."
"14/09/10";"20:20";"vaolo (vaolo)";" L'épidémie de grippe et d'angine est déjà là, dans le #RER et dans le métro #qml"
"14/09/10";"18:56";"GiveEmTheFinger (Sir. Kalou Mango)";" @DeeShantee lool ouai c'est vrai...C'est qu'une sale grippe en fait";" Damn! J'ai chopé un mélange de Dingue, Grippe, Chikungounia et Sida ou quoi?! C'est pas possible! je suis"
"14/09/10";"18:53";"GiveEmTheFinger (Sir. Kalou Mango)";" Damn! J'ai chopé un mélange de Dingue, Grippe, Chikungounia et Sida ou quoi?! C'est pas possible! je suis";"l'agonie..."
"14/09/10";"18:31";"Atoopharm (Pharmacie Formation)";" RT @wk_pharma: Des bons de vaccination contre la grippe saisonnière pour les patients VIH+ http://bit.ly/9hPiSy"
"14/09/10";"18:20";"WoltersKluwerFr (Wolters Kluwer Fr)";" Des bons de vaccination contre la grippe saisonnière pour les patients VIH+: Selon un nouveau dispositif dévoilé l... http://bit.ly/9hPiSy"
"14/09/10";"16:40";"missginy (missginy)";" @virginiebichet oh pardon, j'avais pas vu ton tweet ! une crève d'enfer ... voir même un début de grippe ... on se la refile au bureau :("
"14/09/10";"16:07";"Panoptique (Panoptique)";" Le désinfectant pour les mains aurait peu d'effets pour protéger de la grippe: http://bit.ly/deTDY9"
"14/09/10";"15:45";"leclown (jerome godard)";" @Monolecte clouDeGirofle: antiseptiques + antiinflamatoire. Cannelle stimule le syst. respiratoire. Gingembre réduit symptomes rhume+grippe"
"14/09/10";"15:37";"Grippe_A_h1n1 (Grippe A h1n1)";" Il est très difficile d'obtenir des informations récentes sur la situation dans les pays africains. ... http://bit.ly/bX649h";" Grippe porcine : la pandémie se répand"
"14/09/10";"12:10";"coyarbide (c.oyarbide)";" Grippe porcine : la pandémie se répand";"tout allure chez les managers. http://bit.ly/ah2XSM"
"14/09/10";"10:42";"sgiard (solene giard)";" Après le scandale des vaccins, l'inefficacité des gels anti-bactériens... http://bit.ly/9cs5gS"
"14/09/10";"09:07";"kelassur (Kelassur)";" Grippe H1N1: la pandémie déclarée trop tôt en France ? - TF1 http://goo.gl/fb/MsBBU"
"14/09/10";"08:21";"Arnaud_Thurudev (Arnaud@Thurudev)";" La pandémie de grippe A a été déclarée trop tôt en France http://bit.ly/99bvDJ"
"13/09/10";"23:25";"Alan_Sky (Alan O. Sky)";" Je ne sais pas si l'oms suit twitter mais moi aussi j'ai la grippe #zut"
"13/09/10";"23:21";"Fouinard (Sylvain Lague)";" RT @Rue89: Grippe A : doute sur l'efficacité des solutions antibactériennes http://bit.ly/9GwNYz #"
"13/09/10";"22:46";"Licence2twiT (Couloumy Jeremy)";" RT @Rue89: Grippe A : doute sur l'efficacité des solutions antibactériennes http://bit.ly/9GwNYz #"
"13/09/10";"22:15";"__Kirisame (Lady Stardust)";" @julinoa en effet, du coup tu fais bien de pas rester vendredi, ca va être Sabotage Grippe Party XD"
"13/09/10";"21:22";"mans83 (Mans)";" RT @Rue89: Grippe A : doute sur l'efficacité des solutions antibactériennes http://bit.ly/9GwNYz #"
"13/09/10";"21:21";"Quentin_Perinel (Quentin Périnel)";" RT @Rue89: Grippe A : doute sur l'efficacité des solutions antibactériennes http://bit.ly/9GwNYz #"
"13/09/10";"21:20";"tx3a (Matthieu Audibert)";" RT @Rue89: Grippe A : doute sur l'efficacité des solutions antibactériennes http://bit.ly/9GwNYz #"
"13/09/10";"21:12";"HanyoYukirin (Lydie)";" La grippe, meilleure excuse AU MONDE pour pouvoir écouter les G-Squad pénard."
"13/09/10";"21:12";"Rue89 (Rue89)";" Grippe A : doute sur l'efficacité des solutions antibactériennes http://bit.ly/9GwNYz #"
"13/09/10";"21:06";"HanyoYukirin (Lydie)";" La grippe, meilleure excuse pour pouvoir écouter les G-Squad pénard."
"13/09/10";"20:34";"clhomme (Christophe Lhomme)";" Grippe A : doute sur l'efficacité des solutions antibactériennes http://j.mp/dzRVpZ // Ben oui : les bactéries sont alcooliques";" RT @Little_Gomes: D'abord la grippe A.. maintenant le moustique.. loto.."
"13/09/10";"20:11";"Pooxlove (Paula Mateus)";" RT @Little_Gomes: D'abord la grippe A.. maintenant le moustique.. loto..";"qui le tour ?";" D'abord la grippe A.. maintenant le moustique.. loto.."
"13/09/10";"20:08";"Little_Gomes (S. Gomes)";" D'abord la grippe A.. maintenant le moustique.. loto..";"qui le tour ?"
"13/09/10";"19:07";"JulienSTSQ (STSQ / Julien ANVARi)";" @GwenaelleW qu'est-ce qu'il y a? manque de sexe? de cocaine? de quoi encore? ah de la grippe peut-être désolé LOL"
"13/09/10";"18:43";"NicolasMortel (NicolasMortel)";" La nouvelle grippe A : la dengue (virus collection hiver 2010...) --> http://t.co/f7QLK2q"
"13/09/10";"18:26";"KassHumbart (Kassandra Humbart)";" Tiens, et la grippe h1n1 cette année, elle a muté ou elle a disparue? #santé #grippeA"
"13/09/10";"16:57";"ValerieRAVERY (Valérie RAVERY)";" Grippe #H1N1 : le gel antibactérien peu efficace http://bit.ly/cvftfE #onnousauraitmenti ? (tribute @snjmg)"
"13/09/10";"16:53";"antoineboy (antoine boy)";" RT @Menilmuche: #GrippeA #H1N1 La désinfection des mains sans utilité http://bit.ly/aEIIW0 #sante"
"13/09/10";"13:04";"Isakoffon (Isabelle Akoffon)";" Les gels hydroalcooliques n'empechent pas la transmission de la grippe A qui est un virus aérien, un masque c'est moins glams mais plus sur!"
"13/09/10";"13:03";"kelassur (Kelassur)";" Grippe H1N1 : vous vous êtes lavés les mains pour rien ! - Le Grand Méchant Buzz http://goo.gl/fb/WsuAt"
"13/09/10";"13:00";"Senat_Info (Senat_Info)";" #LOPPSI, grippe A : toute l'actualité du Sénat dans Senat.Hebdo [Vidéo]. #H1N1 #Senat"
"13/09/10";"12:11";"wk_pharma (Moniteur_pharmacies)";" Grippe A(H1N1) : la désinfection des mains ne prémunit pas du virus http://bit.ly/9HAfEG"
"13/09/10";"12:11";"WoltersKluwerFr (Wolters Kluwer Fr)";" Grippe A(H1N1) : la désinfection des mains ne prémunit pas du virus: D'après une étude américaine présentée le 12 ... http://bit.ly/9HAfEG"
"13/09/10";"12:10";"TF1News_Select (TF1 News Selection)";" Grippe A H1N1 : Et si se laver les mains avec des désinfectant n'avait rien changé ? http://bit.ly/ciXw8g"
"13/09/10";"12:01";"agoravox (AgoraVox)";" Grippe A, les gels antibactériens étaient inefficaces http://goo.gl/fb/aEu40"
"13/09/10";"11:58";"kelassur (Kelassur)";" Grippe A(H1N1) : la désinfection des mains ne prémunit pas du virus - WK-Pharma.fr http://goo.gl/fb/cUJAw";" "J'croyais que c'était la grippe, en fait c'est la cuite" RT @valentineoberti Week-end chargé. http://plixi.com/p/44779589"
"13/09/10";"11:26";"marineturchi (Marine Turchi)";" "J'croyais que c'était la grippe, en fait c'est la cuite" RT @valentineoberti Week-end chargé. http://plixi.com/p/44779589"
"13/09/10";"02:42";"Menilmuche (Fabien)";" #GrippeA #H1N1 La désinfection des mains sans utilité http://bit.ly/aEIIW0 (cc @Asclepieia @MicheleRivasi @Lohiel @flixtter)"
"13/09/10";"00:18";"olivierboujenah (olivier boujenah)";" RT @lci: Grippe H1N1: la désinfection des mains peu utile http://bit.ly/coOgph"
"13/09/10";"00:03";"ympondaven (ympondaven)";" RT @lci: Grippe H1N1: la désinfection des mains peu utile http://bit.ly/coOgph"
"12/09/10";"23:42";"MamzelleMariion (MamzelleMariion)";" RT @lci: Grippe H1N1: la désinfection des mains peu utile http://bit.ly/coOgph"
"12/09/10";"23:28";"tx3a (Matthieu Audibert)";" RT @lci: Grippe H1N1: la désinfection des mains peu utile http://bit.ly/coOgph"
"12/09/10";"23:24";"kelassur (Kelassur)";" Grippe H1N1: la désinfection des mains ne fait pas de grande ... - AFP http://goo.gl/fb/KRMc6"
"12/09/10";"23:23";"lci (TF1News)";" Grippe H1N1: la désinfection des mains peu utile http://bit.ly/coOgph";" Si je dois avoir une grippe carabinée pour qu'Alonso gagne, je suis prête"
"12/09/10";"15:37";"HanyoYukirin (Lydie)";" Si je dois avoir une grippe carabinée pour qu'Alonso gagne, je suis prête";"signer pour 20 ans de fièvre-nez-bouché-gorge-en-vrac-malaises."
"11/09/10";"15:48";"P0temkin (Grigor Alex Potemkin)";" Mon rêve secret sur twitter est qu'une personne que j'ai pris en grippe avec l'aide de @ToitagL et @Ilagee_II rentre en dépression. Ou pire."
"11/09/10";"13:51";"xLynasmith (Lynaaaaaaaaa(:)";" peut t'on mourir d'une grippe ou d'une extinction de voix?"
"11/09/10";"13:31";"blueliness (\uc0\u953 \u1084  \u1103 \u965 \u1508 \u1508 \u953 s\u1085 )";" J'ai la grippe (: mes tweets sont contagieux."
"11/09/10";"03:51";"Netsky (Netsky Verified 
"\f3 \uc0\u10004 
"\f0 )";" Bon courage.. RT @Mjlaim: J'aiiiiiiiii la grippe A impossible de fermer les yeux #MaLife";" @VirginieAtchoum Mdr j'ai même pas crier :( C'est Matt il m'a porter la poisse qd il a dit "J'spr que vous avez pas la grippe au moins " xD"
"10/09/10";"23:57";"Sayliine (Céline ...)";" @VirginieAtchoum Mdr j'ai même pas crier :( C'est Matt il m'a porter la poisse qd il a dit "J'spr que vous avez pas la grippe au moins " xD";" @Tsad c'est fou ça ! Un mélange de grippe"
"10/09/10";"21:01";"Inzecity (missinzecity)";" @Tsad c'est fou ça ! Un mélange de grippe";"bière et de rhume agricole si tôt... y'a plus de saison."
"10/09/10";"12:40";"A_DS (Audrey De Santis)";" Les tendances automne-hiver 2010 de la grippe http://t.co/EULDqQd"
"10/09/10";"11:19";"Saymirr (Samir S.)";" Depuis quand ce grippe-sou est-il en droit de réclamer qqch? RT @PSG_info: PSG : Butler attend rapidement des résultats http://bit.ly/afRHqe"
"10/09/10";"01:57";"Emaux (Emaux)";" RT @nessyduloch: RT @lemondefr Grippe A : la France paiera plus de 48 millions d'euros d'indemnisation aux laboratoires http://ow.ly/2BYIx"
"08/09/10";"18:59";"fmeichel (florence meichel)";" RT @Senat_Info: Grippe A : la France flouée par les laboratoires ? Retour sur les explications des sénateurs Milon et Autain http://dai.ly/bxreYl #H1N1"
"08/09/10";"15:27";"dspe (Philippe VR)";" @MademoiselleAA bravo pour le courage ;) et a la futur grippe :D #optimiste"
"08/09/10";"14:51";"felixisa (isabelle)";" RT @tf1etvous: La grippe H1N1 plus bénigne que de récentes grippes http://bit.ly/cANNRX via #TF1News #sante"
"08/09/10";"13:49";"ikarius (ikarius)";" RT @pascalcardonna: Honteux RT @arnaud_thurudev: Grippe A : la France paiera plus de 48 millions d'euros d'indemnisation aux laboratoires http://bit.ly/at3IRP"
"08/09/10";"13:24";"isa97 (Isabella Cabre)";" RT @samuellaurent: RT @lemondefr : Grippe A : la France paiera plus de 48 millions... http://www.lemonde.fr/tiny/1408240/#xtor=AL-32280258"
"08/09/10";"13:21";"celinelepost (Céline)";" RT @samuellaurent RT @lemondefr : Grippe A : la France paiera plus de 48 millions... http://www.lemonde.fr/tiny/1408240/#xtor=AL-32280258"
"08/09/10";"13:21";"samuellaurent (Samuel Laurent)";" RT @lemondefr : Grippe A : la France paiera plus de 48 millions... http://www.lemonde.fr/tiny/1408240/#xtor=AL-32280258"
"08/09/10";"12:46";"wphantom (Wandering Phantom)";" Bon, ben j'ai la grippe"
"08/09/10";"12:17";"fadouce (Fabienne Billat)";" RT @pascalcardonna: Honteux RT @arnaud_thurudev: Grippe A : la France paiera plus de 48 millions d'euros d'indemnisation aux laboratoires http://bit.ly/at3IRP"
"08/09/10";"12:07";"pascalcardonna (Pascal Cardonna)";" Honteux RT @arnaud_thurudev: Grippe A : la France paiera plus de 48 millions d'euros d'indemnisation aux laboratoires http://bit.ly/at3IRP"
"08/09/10";"12:04";"Arnaud_Thurudev (Arnaud@Thurudev)";" Grippe A : la France paiera plus de 48 millions d'euros d'indemnisation aux laboratoires http://bit.ly/at3IRP"
"08/09/10";"10:58";"tf1etvous (tf1&vous)";" La grippe H1N1 plus bénigne que de récentes grippes http://bit.ly/cANNRX via #TF1News #sante"
"07/09/10";"20:53";"ratp_users (RATP by users)";" RT @k20human: RT @ratp_users: RT @ratp_users: Je regrette l'epoque de la grippe A ou un simple eternuement vous vidait un wagon #ratp #greve"
"07/09/10";"20:39";"DStricher (DStricher)";" RT @MedecinsMMT: Faut-il se vacciner contre la grippe saisonnière ?: Nouvelle année, nouveau vaccin, même question : faut-il se vac... http://bit.ly/9GOC0C"
"07/09/10";"20:38";"_Template_ (Sarah Templé)";" RT @k20human: RT @ratp_users: RT @ratp_users: Je regrette l'epoque de la grippe A ou un simple eternuement vous vidait un wagon #ratp #greve"
"07/09/10";"20:33";"k20human (K20)";" RT @ratp_users: RT @ratp_users: Je regrette l'epoque de la grippe A ou un simple eternuement vous vidait un wagon #ratp #greve"
"07/09/10";"20:26";"zaccarifande (Zaccari)";" RT @ratp_users: RT @ratp_users: Je regrette l'epoque de la grippe A ou un simple eternuement vous vidait un wagon #ratp #greve"
"07/09/10";"20:22";"ratp_users (RATP by users)";" RT @ratp_users: Je regrette l'epoque de la grippe A ou un simple eternuement vous vidait un wagon #ratp #greve"
"07/09/10";"19:55";"paulinepavec (Pauline Pavec)";" RT @ratp_users: Je regrette l'epoque de la grippe A ou un simple eternuement vous vidait un wagon #ratp #greve"
"07/09/10";"19:51";"ratp_users (RATP by users)";" Je regrette l'epoque de la grippe A ou un simple eternuement vous vidait un wagon #ratp #greve"
"07/09/10";"19:51";"ratp_users (RATP by users)";" RT @WILN: Je regrette l'epoque de la grippe A ou un simple eternuement vous vidait un wagon #ratp #greve"
"07/09/10";"19:43";"iXiN0_T (Guillaume Baudin)";" RT @WILN: Je regrette l'epoque de la grippe A ou un simple eternuement vous vidait un wagon #ratp #greve"
"07/09/10";"19:42";"WILN (Laure)";" Je regrette l'epoque de la grippe A ou un simple eternuement vous vidait un wagon #ratp #greve";" @Veeee j'aurai un cancer de la grippe combiné"
"07/09/10";"19:18";"papposilene (Philippe-Alexandre)";" @Veeee j'aurai un cancer de la grippe combiné";"un rhume ce soir-là, pas d'chance."
"07/09/10";"18:50";"Buddy974 (Bertrand M.)";" @djiouls : Chéri, c'est pas ce week-end, mais il y a une semaine ou deux... =\} Et ne t'en fais donc pas... Ce n'est qu'une grippe :p"
"07/09/10";"18:40";"djiouls (Jules)";" @princesse_b le docteur il a dit que c'était une grippe..."
"07/09/10";"18:37";"princesse_b (Brice)";" @djiouls nurse Brice is always right :) Si c'est une grippe, tu vas vouloir mourir pendant 4 jours, si c'est une gastro, le Coca te sauvera."
"07/09/10";"17:23";"MedecinsMMT (Médecins webmasters)";" Faut-il se vacciner contre la grippe saisonnière ?: Nouvelle année, nouveau vaccin, même question : faut-il se vac... http://bit.ly/9GOC0C";" bilan : avec 40°C de fièvre, des frissons, des courbatures, des fortes migraines, j'ai droit"
"07/09/10";"13:08";"julesmahe (Jules MAHE)";" bilan : avec 40°C de fièvre, des frissons, des courbatures, des fortes migraines, j'ai droit";"ma 1e grippe de la saison (une méchante)";" bilan : avec 40°C de fièvre, des frissons, des courbatures, des fortes migraines, j'ai droit"
"07/09/10";"12:55";"djiouls (Jules)";" bilan : avec 40°C de fièvre, des frissons, des courbatures, des fortes migraines, j'ai droit";"ma 1e grippe de la saison (une méchante)"
"07/09/10";"12:28";"djiouls (Jules)";" @erion29 méchante grippe avec 40°C de fièvre \\o/ arrêté jusqu'à vendredi";" @SoOhCliche Courage"
"07/09/10";"10:11";"m_liiine (Mline)";" @SoOhCliche Courage";"toi surtout, repose toi bien ! Eradique bien cette maudite grippe !"
"07/09/10";"07:54";"wphantom (Wandering Phantom)";" Me suis choppé la grippe. La journée va être longue..."
"06/09/10";"12:30";"Gaellelalanne (Gaelle lalanne)";" Je me meurs !!!! La grippe 1-0 pr Gaelle ! Je suis clouee o lit aaaaahhhh :(("
"06/09/10";"07:33";"Gaellelalanne (Gaelle lalanne)";" reveillée depuis 6h30, attaquée par une grippe en plein sommeil ! resultats : est entrain de faire bosser mes anticorps!allez allez o boulo!";" @PofMagicfingers pas con. J'avais pensé"
"02/09/10";"08:38";"Inzecity (missinzecity)";" @PofMagicfingers pas con. J'avais pensé";"la grippe";" Cerné "Une chose est sûre, ce ne sont pas nos suppléants qui vont nous pousser";"nous faire vacciner contre la grippe A" Claude Goasguen"
"01/09/10";"23:53";"MelvinParigo (Melvin)";" Cerné "Une chose est sûre, ce ne sont pas nos suppléants qui vont nous pousser";"nous faire vacciner contre la grippe A" Claude Goasguen"
"31/08/10";"08:36";"mk931 (Mehdi Mohatou)";" @bibyfok Oui, mais ça grippe, avec ses dents..."
"31/08/10";"02:24";"jstan (Johann STAN)";" RT @NicolasLoubet: Le gouvernement a-t-il trop dépensé pour sa campagne de vaccination contre la grippe A H1NI ? >... http://bit.ly/d7a54I"
"31/08/10";"02:11";"NicolasLoubet (Nicolas LOUBET)";" Le gouvernement a-t-il trop dépensé pour sa campagne de vaccination contre la grippe A H1NI ? > http://tinyurl.com/2cz6gez";" @Rosannalfr meuf je suis clouée au lit, j'arrive pas"
"30/08/10";"21:47";"Kawtar_el (Kawtar)";" @Rosannalfr meuf je suis clouée au lit, j'arrive pas";"le croire. 39 de fièvre !?!?!! ma mère pense que c'est une grippe... GREEAAAAAAT"
"30/08/10";"19:41";"argusassurance (Argus de l'Assurance)";" Grippe A : la facture pour les complémentaires restera lourde http://bit.ly/bcwn5f"
"30/08/10";"17:25";"tomnever (Thomas Jamet)";" L'année dernière c'était les masques anti-grippe A :-/ RT @vogueparislive Les looks de Rock En Seine http://petitlien.fr/6fs"
"30/08/10";"16:42";"EnzoooSellers (Enzooo Sellers)";" Pas de grippe A cette année ? On peut se serrer la main ou se faire la bise ? #fondamentaux"
"30/08/10";"14:48";"AgenceNewsPress (News Press)";" Cirad/Grippe aviaire : Le rôle des oiseaux migrateurs mieux connu: [CIRAD Centre de Coopération Internationale en ... http://bit.ly/aVBGUE";" Grippe A/H1N1 : En France, 6 cas de narcolepsie ont été signalés"
"30/08/10";"13:47";"AgenceNewsPress (News Press)";" Grippe A/H1N1 : En France, 6 cas de narcolepsie ont été signalés";"l'Afssaps: [AFSSAPS - Agence Française de Sécur... http://bit.ly/aqpWCd"
"30/08/10";"01:20";"UltranusAbitbol (Ultranus Abitbol)";" le mec a decouvert que la grippe est contagieuse"
"28/08/10";"16:42";"MelvinParigo (Melvin)";" Des cas de narcolepsie liés au vaccin contre la grippe A au #uePS #JDCJDR # @melclalex @intox2007 @Mel036"
"28/08/10";"15:14";"lilicastille (lilicastille)";" Je pique du nez, pourtant j'ai pas eu le vaccin H1N1 (qui provoquerait une maladie du sommeil) http://is.gd/eGb3m"
"28/08/10";"14:26";"alexcouter (La Panthère rose !)";" RT @lilicastille: Les #roms partent avec dans leur sac de voyage un stock de biberons au bisphémol A et un vaccin de la grippe A. Merci la France."
"28/08/10";"14:26";"Exekiel (Maître Renart)";" RT @lilicastille: Les #roms partent avec dans leur sac de voyage un stock de biberons au bisphémol A et un vaccin de la grippe A. Merci la France."
"28/08/10";"14:16";"jcommaret (Jérôme COMMARET)";" RT @lilicastille: Les #roms partent avec dans leur sac de voyage un stock de biberons au bisphémol A et un vaccin de la grippe A. Merci la France."
"28/08/10";"13:48";"lilicastille (lilicastille)";" Les #roms partent avec dans leur sac de voyage un stock de biberons au bisphémol A et un vaccin de la grippe A. Merci la France."
"28/08/10";"13:13";"y0Jn3 (so)";" RT @trollator: au début, je croyais qu'il s'agissait de la grippe bavière et je voyais pas pourquoi on nous parlait pas de l'Allemagne. #jeudiconfession"
"28/08/10";"13:12";"trollator (trollator)";" au début, je croyais qu'il s'agissait de la grippe bavière et je voyais pas pourquoi on nous parlait pas de l'Allemagne. #jeudiconfession"
"28/08/10";"13:07";"Inzecity (missinzecity)";" @Minorite_ tout comme la grippe aviaire il y a 5 ans environ. In fine, espérons que cette expérience nous a vacciné ;)"
"28/08/10";"12:59";"Inzecity (missinzecity)";" @Minorite_ Je suis d'accord avec toi sur le principe de précaution mais pas dans la précipitation. Une grippe saisonnière fait + de morts"
"28/08/10";"12:51";"nrenault (Nicolas Renault)";" RT @Inzecity: On a essayé de nous endormir avec le vaccin H1N1 : Ca fonctionne ! http://bit.ly/bN8h4g #narcolepsie"
"28/08/10";"12:47";"MICHELLESPITZ (Michelle SPITZ)";" RT @Inzecity: On a essayé de nous endormir avec le vaccin H1N1 : Ca fonctionne ! http://bit.ly/bN8h4g #narcolepsie"
"28/08/10";"12:45";"Inzecity (missinzecity)";" On a essayé de nous endormir avec le vaccin H1N1 : Ca fonctionne ! http://bit.ly/bN8h4g #narcolepsie"
"28/08/10";"11:03";"Doodyyyeee (Doodye Offishal)";" @monblogdefille je suis follow par la nouvelle grippe H1N1... Ca fait peur! T'as mieux?"
"28/08/10";"11:00";"littleredundies (Ily)";" accin grippe A et narcolepsie: les autorités européennes enquêtent http://20min.fr/a/590323. Si vous dormez tout le temps, cherchez pas..";" RT @gueslie Ma prochaine panne de réveil : "j'ai été vaccinée contre la grippe A""
"28/08/10";"10:39";"sukria (Alexis Sukrieh)";" RT @gueslie Ma prochaine panne de réveil : "j'ai été vaccinée contre la grippe A""
"28/08/10";"10:08";"despasperdus (despasperdus)";" Vaccin contre la grippe A : des effets secondaires ? http://bit.ly/9mDsCx"
"28/08/10";"09:47";"jegoun (jegoun)";" PMAvis - Vaccin contre la grippe A : des effets secondaires ? http://bit.ly/dl4slu";" Ma prochaine panne de réveil : "j'ai été vaccinée contre la grippe A""
"27/08/10";"21:57";"gueslie (Julie Gues.)";" Ma prochaine panne de réveil : "j'ai été vaccinée contre la grippe A""
"26/08/10";"23:30";"rockmuzic (rockmuzic.fr)";" RT @depeches: Grippe H1N1 : six cas de narcolepsie chez des personnes vaccinées en France."
"26/08/10";"23:13";"michaeld2 (dupont)";" come4news Vaccination contre la grippe A mais pour la Narcolepsie!: Chers citoyens, Les vacances sont bient... http://bit.ly/9ulFmE"
"26/08/10";"23:06";"Grippe_A_h1n1 (Grippe A h1n1)";" Népal : 3 décès sont survenus selon l'Avian Influenza Control Project (AICP)\'a0 Pays-Bas : depuis avr... http://bit.ly/bksBAn"
"26/08/10";"22:46";"piel (piel)";" Six cas de maladie du sommeil chez des personnes vaccinées contre la grippe A (depuis leParisien.fr sur iPhone) http://bit.ly/bTI51I"
"26/08/10";"22:25";"terminalose (terminalose)";" @kompasito plus ou moins lo.... Je suis genre super enrhume limite grippe quoi"
"26/08/10";"22:23";"rolka09 (Carole GEYNET)";" Six cas de maladie du sommeil chez des personnes vaccinées contre la grippe A (depuis leParisien.fr sur iPhone) http://bit.ly/bTI51I";" RT @lemondefr : "France : six cas de narcolepsie aprèle vaccin contre la grippe A " http://www.lemonde.fr/tiny/1403165/"
"26/08/10";"22:16";"sophieduroc (Bruneau-Demari)";" RT @lemondefr : "France : six cas de narcolepsie aprèle vaccin contre la grippe A " http://www.lemonde.fr/tiny/1403165/";" @valmente moi je l'ai attrapé leur grippe , ben ça cassait pas 4 pattes"
"26/08/10";"22:12";"seb752 (seb752)";" @valmente moi je l'ai attrapé leur grippe , ben ça cassait pas 4 pattes";"un canard. Moins malade qu'une saisonnière"
"26/08/10";"20:23";"gregossito (greg giglietta)";" LOL médical du jour: 8 narcoleptiques après vaccin grippe A ... faudrait empêcher Roselyne de jouer les 18 prochains conseils des ministres";" Six cas de maladie du sommeil suite"
"26/08/10";"19:49";"moonsgirl (Imen B)";" Six cas de maladie du sommeil suite";"la vaccination contre la grippe A/H1N1 http://bit.ly/adrjNG c'est la meilleure !"
"26/08/10";"19:27";"s_per1 (Stéphane Perrin)";" Six cas de narcolepsie après vaccination contre la grippe A http://bit.ly/ch2Ojk"
"26/08/10";"18:02";"TheLastNews_FR (TheLastNews France)";" Grippe A. Six cas de narcolepsie après une vaccination en France - Le Télégramme http://bit.ly/duyONo"
"26/08/10";"17:51";"remiforall (Rémi Vincent)";" Vaccinés contre la Grippe A ? Dormez maintenant http://bit.ly/dwLWtS"
"26/08/10";"17:27";"liberation_fr (Libération)";" Six cas de narcolepsie chez des personnes vaccinées contre la grippe A http://to.ly/681S #société"
"26/08/10";"17:23";"dzeis (Jérôme Saillard)";" Merde, il y aurait des cas de narcolepsie liés au vaccin contre la grippe A... JE ME SUIS FAIT VACC... Zzzzzzzzzzzzzzz"
"26/08/10";"17:22";"ToutelaPresse (Toute la Presse)";" Six cas de narcolepsie chez des personnes vaccinées contre la grippe A http://dlvr.it/4Hdgp Libération";" RT @lemondefr : "France : six cas de narcolepsie aprèle vaccin contre la grippe A " http://www.lemonde.fr/tiny/1403165/"
"26/08/10";"17:08";"chondre (Alex)";" RT @lemondefr : "France : six cas de narcolepsie aprèle vaccin contre la grippe A " http://www.lemonde.fr/tiny/1403165/"
"26/08/10";"17:05";"RSS_LeParisien (RSS_LeParisien)";" Six cas de maladie du sommeil chez des personnes vaccinees contre la grippe A http://bit.ly/cb5jn8";" Grippe H1N1 : six cas de narcolepsie en France"
"26/08/10";"16:56";"mypharma (MyPharma Editions)";" Grippe H1N1 : six cas de narcolepsie en France";"la suite d'une vaccination http://twurl.nl/co8cmk"
"26/08/10";"16:40";"_disappearer (disappearer)";" envisage VRAIMENT de se faire vacciner. RT @lemondefr : France : six cas de narcolepsie après le vaccin... http://bit.ly/9LQI8e"
"26/08/10";"16:39";"Nico_IHAI (Nicolas FOURNON)";" RT @julie_adore: Six cas de narcolepsie après vaccination contre la grippe A Lexpress.fr http://www.lexpress.fr/tiny/915049"
"26/08/10";"16:16";"TheLastNews_FR (TheLastNews France)";" Six cas de narcolepsie après vaccination contre la grippe A - L'Express http://bit.ly/c1fdHt"
"26/08/10";"16:10";"LittleHeloise (Héloïse Proenca)";" RT @MamaTwiins: J'ai La Fièvre Bieber Mais Les Goupies Comment Dire On Plutôt Une Grosse Grippe , Ou Une Bonne Diarhée Bieber !!!"
"26/08/10";"16:10";"Aureliiaa (Aurélia Jullig)";" RT @MamaTwiins: J'ai La Fièvre Bieber Mais Les Goupies Comment Dire On Plutôt Une Grosse Grippe , Ou Une Bonne Diarhée Bieber !!!"
"26/08/10";"16:04";"SabineHerold (Sabine Herold)";" Le film Narco avec Benoît Poelvoorde http://bit.ly/9uL9DG est dépassé par la réalité grâce au vaccin anti grippe A http://bit.ly/bbFH8V !"
"26/08/10";"15:55";"france_soir (France-Soir)";" Six cas de narcolepsie après des vaccinations contre la grippe H1N1 http://tinyurl.com/3xa54wg"
"26/08/10";"15:41";"LeclaireCo (Corentin LE CLAIRE)";" RT @lenouvelobs: Grippe A : six cas de narcolepsie chez des personnes vaccinées http://nouvelobs.com/tiny/20100826.OBS9027/"
"26/08/10";"15:38";"lenouvelobs (NouvelObs.com)";" Grippe A : six cas de narcolepsie chez des personnes vaccinées http://nouvelobs.com/tiny/20100826.OBS9027/"
"26/08/10";"15:31";"jvincent75 (jvincent75)";" Six cas de narcolepsie signalés après des vaccins contre la grippe A http://20min.fr/a/589925 (via @20minutes)"
"26/08/10";"15:22";"xSweetyCoOmS (Tiitii)";" RT @MamaTwiins: J'ai La Fièvre Bieber Mais Les Goupies Comment Dire On Plutôt Une Grosse Grippe , Ou Une Bonne Diarhée Bieber !!!"
"26/08/10";"15:15";"aissata_JBTwist (Aïssata 
"\f3 \uc0\u10004 
"\f0 )";" RT @MamaTwiins: J'ai La Fièvre Bieber Mais Les Goupies Comment Dire On Plutôt Une Grosse Grippe , Ou Une Bonne Diarhée Bieber !!!"
"26/08/10";"15:15";"AmelleA_JBieber (Azzimani Amelle)";" RT @MamaTwiins: J'ai La Fièvre Bieber Mais Les Goupies Comment Dire On Plutôt Une Grosse Grippe , Ou Une Bonne Diarhée Bieber !!!"
"26/08/10";"15:14";"xOmbeline13x (Ombeline de pommerol)";" RT @MamaTwiins: J'ai La Fièvre Bieber Mais Les Goupies Comment Dire On Plutôt Une Grosse Grippe , Ou Une Bonne Diarhée Bieber !!!"
"26/08/10";"15:14";"MissSassou34 (Sara)";" RT @MamaTwiins: J'ai La Fièvre Bieber Mais Les Goupies Comment Dire On Plutôt Une Grosse Grippe , Ou Une Bonne Diarhée Bieber !!!"
"26/08/10";"15:13";"MamaTwiins (Keri Kayleen Twiins)";" J'ai La Fièvre Bieber Mais Les Goupies Comment Dire On Plutôt Une Grosse Grippe , Ou Une Bonne Diarhée Bieber !!!";" Je ne ferais PAS la mauvaise blague du "ils ont tous voulu nous endormir avec leur super vaccin contre la grippe H1N1. Non, vraiment."
"26/08/10";"14:24";"Chtou (Chtou !)";" Je ne ferais PAS la mauvaise blague du "ils ont tous voulu nous endormir avec leur super vaccin contre la grippe H1N1. Non, vraiment."
"26/08/10";"14:14";"Rat_des_champs (Rat_des_champs)";" RT @RSS_LeParisien: Six cas de narcolepsie en France suite a la vaccination contre la grippe A/H1N1 http://bit.ly/bwbo7y";" Vu sur @le_parisien_fr Six cas de maladie du sommeil suite"
"26/08/10";"14:09";"le_parisien_fr (leParisien.fr)";" Vu sur @le_parisien_fr Six cas de maladie du sommeil suite";"la vaccination contre la grippe A/H1N1 http://tinyurl.com/29ev5oh"
"26/08/10";"14:07";"RSS_LeParisien (RSS_LeParisien)";" Six cas de narcolepsie en France suite a la vaccination contre la grippe A/H1N1 http://bit.ly/bwbo7y"
"24/08/10";"15:06";"gdedurat (Guillaume de DURAT)";" Expansion mondiale de DENGUE ..a-t'on prévu de consulter avant la commission d'enquete du senat sur la Grippe H1N1 ? #principedeprecaution"
"24/08/10";"10:58";"imikeflyer (Mike 
"\f2 \uc0\u9729 
"\f0  
"\f3 \uc0\u9992 
"\f0 )";" Pas bien, pas bien du tout!! Maux de gorge, tête jambes et paupières lourdes, c'est vraiment pas le bon moment :-/ #malade #grippe"
"24/08/10";"01:14";"dinaber (dina garber)";" @lonelysebby loool si j'attrape la grippe je te le ferais savoir ^^"
"23/08/10";"18:03";"lahouigroup (Franck LAHOUI)";" est passablement énervé et content en même, ça fait bizarre, sûr que ça doit donner la grippe"
"20/08/10";"18:47";"unevieordinaire (Jérôme PASANAU )";" RT @LePost : Le vaccin de la Grippe A serait il dangereux ? http://tinyurl.com/35teko7";" @NoiseNews il paraît que Roselyne Bachelot organise des soirées"
"20/08/10";"02:31";"Julienmachine (Julien Coquet)";" @NoiseNews il paraît que Roselyne Bachelot organise des soirées";"thème grippe A avec dress code orienté masque de protection H1N1"
"19/08/10";"21:32";"Jordan04101 (Jordan Downey)";" @Valentin la grippe";" La campagne de vaccination contre la grippe saisonnière débute le 20 août"
"19/08/10";"17:37";"WoltersKluwerFr (Wolters Kluwer Fr)";" La campagne de vaccination contre la grippe saisonnière débute le 20 août";"l'Ile de La Réunion: Dans un communiqu... http://bit.ly/94nt0q"
"19/08/10";"14:56";"relaxnews (relaxnews)";" Santé - Grippe A (H1N1) : ouverture d'une enquête sur le vaccin en Suède"
"19/08/10";"14:48";"DavidD2009 (David Duhamel)";" RT @kantken: Le vaccin (grippe h1n1) est soupçonné de favoriser la narcolepsie, la Suède a ouvert une enquête (Europe1) http://ow.ly/1qNP7p"
"19/08/10";"13:47";"SpenceJiStewart (SpenceJiStewart)";" @brosson je viens de sortir de ma ptite sieste alors oui en effet je px o moins remercier ma grippe pr ça :))"
"19/08/10";"11:28";"xkliber (Jérôme CHAUVIN)";" Bien fait de refuser/RT @kantken Le vaccin contre H1N1 soupçonné de favoriser la narcolepsie. La Suède ouvre une enquête http://ow.ly/1qNP7p"
"19/08/10";"11:26";"kantken (Kantken)";" Le vaccin (grippe h1n1) est soupçonné de favoriser la narcolepsie, la Suède a ouvert une enquête (Europe1) http://ow.ly/1qNP7p";" #Senat, Rpport de AAlain MILON "La grippe A (#H1N1): Retours sur \'ab la première pandémie du XXIe siècle \'bb" http://is.gd/eopUs"
"19/08/10";"10:26";"AlainClergeot (CLERGEOT)";" #Senat, Rpport de AAlain MILON "La grippe A (#H1N1): Retours sur \'ab la première pandémie du XXIe siècle \'bb" http://is.gd/eopUs"
"19/08/10";"01:42";"manona914 (manon delannoy)"
"\'a0}